"Id","Datetime","currentlight","check_mixedlight","additional_light","anxious","elated","sad","angry","irritable","energetic","kss","enddate_4"
"KNUST_S013","2025-01-14 13:07:02",2,FALSE,,1,4,1,1,1,1,2,"2025-01-14 13:08:17"
"KNUST_S013","2025-01-14 14:00:45",3,TRUE,1,1,4,1,1,1,4,2,"2025-01-14 14:01:50"
"KNUST_S013","2025-01-14 17:02:16",1,FALSE,,3,2,1,1,1,3,2,"2025-01-14 17:03:14"
"KNUST_S013","2025-01-14 20:20:43",1,TRUE,5,1,4,4,1,1,4,2,"2025-01-14 20:21:52"
"KNUST_S013","2025-01-15 11:01:09",3,FALSE,,1,4,1,1,1,4,2,"2025-01-15 11:01:54"
"KNUST_S013","2025-01-15 14:22:43",4,TRUE,5,1,3,1,1,1,4,2,"2025-01-15 14:23:24"
"KNUST_S013","2025-01-15 17:00:54",1,TRUE,5,1,4,1,1,1,4,2,"2025-01-15 17:01:38"
"KNUST_S013","2025-01-15 20:24:16",1,TRUE,5,1,4,1,1,1,4,2,"2025-01-15 20:25:04"
"KNUST_S013","2025-01-16 11:17:51",1,TRUE,5,1,4,1,1,1,4,2,"2025-01-16 11:18:38"
"KNUST_S013","2025-01-16 14:03:47",1,TRUE,5,1,4,1,1,1,4,2,"2025-01-16 14:04:50"
"KNUST_S013","2025-01-16 17:12:45",1,TRUE,5,1,4,1,1,1,4,2,"2025-01-16 17:13:14"
"KNUST_S013","2025-01-16 20:06:40",2,FALSE,,1,4,1,1,1,4,2,"2025-01-16 20:07:32"
"KNUST_S013","2025-01-17 11:00:39",3,TRUE,1,1,4,1,1,1,4,2,"2025-01-17 11:01:30"
"KNUST_S013","2025-01-17 14:05:59",4,TRUE,5,1,4,1,1,1,4,2,"2025-01-17 14:06:49"
"KNUST_S013","2025-01-17 17:01:24",1,TRUE,5,1,3,1,1,1,4,2,"2025-01-17 17:01:59"
"KNUST_S013","2025-01-18 11:02:10",1,TRUE,5,1,4,1,1,1,4,2,"2025-01-18 11:03:00"
"KNUST_S013","2025-01-18 14:43:28",1,TRUE,5,1,4,1,1,1,4,2,"2025-01-18 14:43:57"
"KNUST_S013","2025-01-18 14:30:03",1,TRUE,5,1,4,1,1,1,4,2,"2025-01-18 14:30:39"
"KNUST_S013","2025-01-18 17:03:18",4,TRUE,5,1,4,1,1,1,4,2,"2025-01-18 17:03:55"
"KNUST_S013","2025-01-18 20:37:58",1,TRUE,5,1,4,1,1,1,4,2,"2025-01-18 20:38:21"
"KNUST_S013","2025-01-19 11:01:45",1,TRUE,5,1,4,1,1,1,4,2,"2025-01-19 11:02:20"
"KNUST_S013","2025-01-19 14:00:34",4,TRUE,5,1,1,1,1,1,2,2,"2025-01-19 14:01:17"
"KNUST_S013","2025-01-19 17:01:02",4,TRUE,5,1,4,1,1,1,4,2,"2025-01-19 17:01:34"
"KNUST_S013","2025-01-19 20:01:10",2,TRUE,5,1,3,1,1,1,4,2,"2025-01-19 20:01:45"
