"Id","start","state","duration","end","wearlog_event","reason","wearlog_type","radius","wearlog_bp","wearlog_bag","wearlog_place","wearlog_motion","wearlog_place_english"
"KNUST_S014","2025-01-21 10:05:00","off",3,"2025-01-21 10:08:00","Taking the light glasses off","Other (please specify)","Current event",,,0,"I'm holding it",0,"I'm holding it"
"KNUST_S014","2025-01-21 14:32:00","off",1,"2025-01-21 14:33:00","Taking the light glasses off",,"Past event that I forgot to log before",,1,0,"I was holding it",0,"I was holding it"
"KNUST_S014","2025-01-21 17:42:00","off",21,"2025-01-21 18:03:00","Taking the light glasses off",,"Past event that I forgot to log before",,1,1,,0,
"KNUST_S014","2025-01-21 22:41:00","sleep",530,"2025-01-22 07:31:00","Taking the light glasses off and placing them on nightstand following the instructions before sleep",,"Current event",,,,,,
"KNUST_S014","2025-01-22 21:16:00","sleep",470,"2025-01-23 05:06:00","Taking the light glasses off and placing them on nightstand following the instructions before sleep",,"Current event",,,,,,
"KNUST_S014","2025-01-23 08:31:00","off",40,"2025-01-23 09:11:00","Taking the light glasses off","Activity involving contact with water (e.g., showering or bathing)","Current event",,,1,,0,
"KNUST_S014","2025-01-23 22:26:00","sleep",568,"2025-01-24 07:54:00","Taking the light glasses off and placing them on nightstand following the instructions before sleep",,"Current event",,,,,,
"KNUST_S014","2025-01-24 12:07:00","off",24,"2025-01-24 12:31:00","Taking the light glasses off","Activity involving contact with water (e.g., showering or bathing)","Current event",,,1,,0,
"KNUST_S014","2025-01-24 23:44:00","sleep",513,"2025-01-25 08:17:00","Taking the light glasses off and placing them on nightstand following the instructions before sleep",,"Current event",,,,,,
"KNUST_S014","2025-01-25 22:39:00","sleep",548,"2025-01-26 07:47:00","Taking the light glasses off and placing them on nightstand following the instructions before sleep",,"Current event",,,,,,
"KNUST_S014","2025-01-26 22:33:00","sleep",549,"2025-01-27 07:42:00","Taking the light glasses off and placing them on nightstand following the instructions before sleep",,"Current event",,,,,,
